{
    "category": "Playlist",
    "changelog": "Re-added progress tracking\nAdded Tags\nFixed Timespan operations\n",
    "description": "Smart Playlist 2 Playlist Harder!.\nIs a system to automatically generate playlists based on a set of rules.\nBuilt off of the base of SmartPlaylist by ankenyr.\n",
    "guid": "5a63fe63-765f-43f7-a129-661e839f83d5",
    "imageUrl": "",
    "name": "SmartPlaylist2PlaylistHarder",
    "overview": "Smart Playlist 2 Playlist Harder! Is a system to automatically generate playlists based on a set of rules\nBuilt off of the base of SmartPlaylist by ankenyr",
    "owner": "JMiles42",
    "targetAbi": "10.8.0.0",
    "timestamp": "2023-12-03T03:04:53Z",
    "version": "1.6.2.0"
}