{
    "category": "Playlist",
    "changelog": "Added a few new fields to use in expressions",
    "description": "Smart Playlist 2 Playlist Harder!. Is a system to automatically generate playlists based on a set of rules. Built off of the base of SmartPlaylist by ankenyr.\n",
    "guid": "5a63fe63-765f-43f7-a129-661e839f83d5",
    "imageUrl": "",
    "name": "SmartPlaylist2PlaylistHarder",
    "overview": "Smart Playlist 2 Playlist Harder! Is a system to automatically generate playlists based on a set of rules\nBuilt off of the base of SmartPlaylist by ankenyr",
    "owner": "JMiles42",
    "targetAbi": "10.8.0.0",
    "timestamp": "2023-04-03T14:05:16Z",
    "version": "1.2304.314.510"
}