{
    "category": "Playlist",
    "changelog": "Added Tags\nFixed Timespan operations\nMoved Operators to separate files\nAdded logger to SmartPlaylistFileSystem\nRenamed Expression to SmartPlExpression so it no longer conflicts with Linq\nAdded CompiledRule type, to replace nested generics where possible\nAdded new Random Orderer, it you want a random order that is not relevent to any of the items data\nChanged DefaultTrigger from 30 minutes to 6 hours.\nAdded new IsNull operator\nImplemented MaxItems\nAdded New Operand properties\n -ParentName\n -GrandparentName\n -Container\nNote:  ParentName & GrandparentName are WIP and have only been tested with a library of episodes.",
    "description": "Smart Playlist 2 Playlist Harder!.\nIs a system to automatically generate playlists based on a set of rules.\nBuilt off of the base of SmartPlaylist by ankenyr.\n",
    "guid": "5a63fe63-765f-43f7-a129-661e839f83d5",
    "imageUrl": "",
    "name": "SmartPlaylist2PlaylistHarder",
    "overview": "Smart Playlist 2 Playlist Harder! Is a system to automatically generate playlists based on a set of rules\nBuilt off of the base of SmartPlaylist by ankenyr",
    "owner": "JMiles42",
    "targetAbi": "10.8.0.0",
    "timestamp": "2023-12-03T02:35:51Z",
    "version": "1.6.1.0"
}